,RIDE,TIME_OF_DAY,count,mean,std,min,25%,50%,75%,max
0,AVATAR FLIGHT PASSAGE,1 PM,12.0,100.61714226833334,13.63422611869377,80.69436851,88.74890219,100.59898104999999,111.10649965,121.3461538
1,AVATAR FLIGHT PASSAGE,10 AM,12.0,101.94265241583332,13.573119304029666,83.51299937,91.9702874725,99.95021880499999,111.18358215,123.7479806
2,AVATAR FLIGHT PASSAGE,10 PM,3.0,21.266007533333333,11.036936843070745,10.91666667,15.458333334999999,20.0,26.440677965,32.88135593
3,AVATAR FLIGHT PASSAGE,11 AM,12.0,104.2358907925,13.304640559611508,86.94637224,91.89147295000001,105.89181095,113.72412055,124.0590659
4,AVATAR FLIGHT PASSAGE,11 PM,2.0,17.5,10.606601717798213,10.0,13.75,17.5,21.25,25.0
5,AVATAR FLIGHT PASSAGE,12 PM,12.0,102.95135039833333,14.916381259683476,78.18674315,90.8313507125,104.0672155,114.647116625,125.5975275
6,AVATAR FLIGHT PASSAGE,2 PM,12.0,89.52558264666665,15.544001542809678,70.11415525,75.30878961250001,91.137695785,101.628895725,112.0254237
7,AVATAR FLIGHT PASSAGE,3 PM,12.0,85.80580264583334,14.907012838198932,64.95104439,73.13435733,85.22521716,100.932238275,105.9212685
8,AVATAR FLIGHT PASSAGE,4 PM,12.0,85.56720508416667,14.668538699722605,65.08143322,72.1704102225,86.41193151,94.595890225,111.1044286
9,AVATAR FLIGHT PASSAGE,5 PM,12.0,85.73476328333334,17.300613628353585,64.32914739,70.0672926425,84.573779545,95.5483635325,114.5398352
10,AVATAR FLIGHT PASSAGE,6 PM,12.0,85.35696460499999,18.539643252416774,61.11111111,72.6485794175,83.374819785,95.07210696,116.3942308
11,AVATAR FLIGHT PASSAGE,7 AM,11.0,45.09786540909091,2.7893825163949493,41.18394649,43.08358498,45.34681373,46.072706030000006,51.57301808
12,AVATAR FLIGHT PASSAGE,7 PM,12.0,89.69353083166665,29.676861361971056,56.27694859,68.12539872,81.675473485,103.0483890825,141.5756036
13,AVATAR FLIGHT PASSAGE,8 AM,11.0,81.59422487545454,8.7585879406228,66.44184028,75.964803875,81.9490085,87.310887155,94.36774194
14,AVATAR FLIGHT PASSAGE,8 PM,9.0,74.59296274333333,35.300407094432494,38.75,45.25,68.31550802,90.22727273,143.125
15,AVATAR FLIGHT PASSAGE,9 AM,12.0,94.96393377750002,12.948378798918027,79.58539604,83.2416180675,92.74431178,102.84592337500001,118.8854003
16,AVATAR FLIGHT PASSAGE,9 PM,3.0,43.56116175333333,16.029259460163555,25.08474576,38.46674263,51.8487395,52.79936975,53.75
17,AVATAR NA'VI RIVER ,1 PM,12.0,76.05002862166667,4.685512183321284,69.90933512,72.1696390925,75.467752735,80.0967108225,82.4868498
18,AVATAR NA'VI RIVER ,10 AM,12.0,68.98894108416667,5.019355370248982,59.62322421,66.46353030750001,69.26186911,71.469950375,77.8280543
19,AVATAR NA'VI RIVER ,10 PM,3.0,17.23116760666667,8.486321937780223,10.08333333,12.541666665000001,15.0,20.805084745000002,26.61016949
20,AVATAR NA'VI RIVER ,11 AM,12.0,77.59925596333333,4.948300152166156,70.00575043,75.291792695,76.29331629500001,79.6294886675,88.92090395
21,AVATAR NA'VI RIVER ,11 PM,2.0,17.5,10.606601717798213,10.0,13.75,17.5,21.25,25.0
22,AVATAR NA'VI RIVER ,12 PM,12.0,76.8252839625,4.3410230336651,70.98785166,73.13201741750001,77.43113748,78.88475104,85.35142857
23,AVATAR NA'VI RIVER ,2 PM,12.0,68.9256794575,5.797721270504929,60.94586729,64.644377745,69.942271105,72.0523640725,79.43220339
24,AVATAR NA'VI RIVER ,3 PM,12.0,68.58694889083334,5.353152497444846,60.56587348,64.07574001,68.91489540500001,72.6564106825,77.24815026
25,AVATAR NA'VI RIVER ,4 PM,12.0,67.6374083075,5.988595649345376,57.29055851,65.12028311,68.16138547,71.244658505,76.70903955
26,AVATAR NA'VI RIVER ,5 PM,12.0,66.38997063583332,8.703553915810582,55.12596899,61.65699656,64.86945027499999,69.4503440175,86.41805094
27,AVATAR NA'VI RIVER ,6 PM,12.0,62.15958070583333,12.107389905918094,48.44400896,51.6598720525,58.74845826,73.714149225,79.05263158
28,AVATAR NA'VI RIVER ,7 AM,12.0,8.34007224625,1.0438404778243462,7.136176066,7.6303221292500005,8.008211041500001,8.57026945975,10.66428571
29,AVATAR NA'VI RIVER ,7 PM,12.0,48.863468748333325,12.129014695376194,34.07131012,38.998579542499996,45.33047812,60.06912321,65.76470588
30,AVATAR NA'VI RIVER ,8 AM,12.0,27.580409528333334,3.785073065274137,20.40441176,25.782418184999997,27.550551525000003,30.1541227075,34.1969697
31,AVATAR NA'VI RIVER ,8 PM,9.0,30.047198516666672,10.499451065800718,16.99186992,21.25,26.6576087,36.81818182,47.72727273
32,AVATAR NA'VI RIVER ,9 AM,12.0,48.97278114083334,4.312123471397118,41.68656716,46.285612965,49.037802755,50.359027707500005,57.36811594
33,AVATAR NA'VI RIVER ,9 PM,3.0,25.40837408333333,12.995052347384648,11.58333333,19.426120445,27.26890756,32.32089446,37.37288136
34,BIG THUNDER MOUNTAIN,1 PM,12.0,46.120527746666674,8.585988973044513,28.5285611,42.0840753775,45.852056625,51.168361250000004,61.05059733
35,BIG THUNDER MOUNTAIN,10 AM,12.0,35.2956578875,7.060696111988105,19.68637347,31.544382005000003,35.560449355,41.55370091,43.13325031
36,BIG THUNDER MOUNTAIN,10 PM,12.0,20.54226748416667,5.374365981159825,11.06334842,17.373071765000002,20.544551855,23.381235755,32.14617169
37,BIG THUNDER MOUNTAIN,11 AM,12.0,42.77726529999999,8.105732574501152,27.28613569,38.075878437499995,41.914706409999994,49.645007735,54.2263122
38,BIG THUNDER MOUNTAIN,11 PM,12.0,11.781481894,2.8845546055836735,8.207941484,10.24735962525,11.422935845,13.597876804999999,18.3127572
39,BIG THUNDER MOUNTAIN,12 AM,12.0,10.17183808075,4.028235919615435,6.602564103,8.01081730775,8.5447641885,10.2060439565,19.875
40,BIG THUNDER MOUNTAIN,12 PM,12.0,42.722479225833325,7.005936835911686,26.43117261,40.09499532,42.909537095,47.4384006075,51.9471831
41,BIG THUNDER MOUNTAIN,2 PM,12.0,43.24175398666666,8.083111369816537,29.30494905,37.36523423,43.382336415,48.342319527499996,55.49100968
42,BIG THUNDER MOUNTAIN,3 PM,12.0,39.65727468083333,7.469356785669779,26.76671214,35.508533555,39.095855695,45.345598730000006,51.99926632
43,BIG THUNDER MOUNTAIN,4 PM,12.0,43.88369678749999,10.75774957514765,26.87583893,37.986173675,42.34078114,51.024428310000005,60.20044543
44,BIG THUNDER MOUNTAIN,5 PM,12.0,42.18620922583334,9.616551717475671,26.89518586,35.707638515,42.01786031,47.624252595,56.99426934
45,BIG THUNDER MOUNTAIN,6 PM,12.0,44.57989028750001,10.116791843300224,26.41717791,37.1366991025,44.48061985,50.004579115,60.22803115
46,BIG THUNDER MOUNTAIN,7 PM,12.0,33.71206317916667,7.27948115756835,22.32291667,26.7155902875,34.894157899999996,39.4519830875,42.0011534
47,BIG THUNDER MOUNTAIN,8 AM,8.0,10.287906145000001,4.125154138798779,4.324200913,8.11722772925,10.184842459999999,11.4222973,18.50869565
48,BIG THUNDER MOUNTAIN,8 PM,12.0,26.15763941583333,6.0666347897703385,16.27922078,22.146536355,26.79565171,29.9631126575,36.32481506
49,BIG THUNDER MOUNTAIN,9 AM,12.0,20.220136180916665,5.1685905805402985,9.032477341,17.01694972,20.936213925,23.85407844,26.85692542
50,BIG THUNDER MOUNTAIN,9 PM,12.0,23.708706199166667,6.678056012675826,12.60869565,20.327666805,22.85225585,29.582470035,33.67532468
51,EXPEDITION EVEREST,1 PM,12.0,38.328863928333334,5.892303035812294,26.08152531,33.342868005,39.75121359,42.5809995575,45.39180229
52,EXPEDITION EVEREST,10 AM,12.0,31.215877199166666,6.204670832049255,19.3974359,27.364045439999998,32.361357075,37.071722914999995,38.68421053
53,EXPEDITION EVEREST,10 PM,3.0,11.948210922333333,11.890608789017941,5.0,5.083333333500001,5.166666667,15.4223163835,25.6779661
54,EXPEDITION EVEREST,11 AM,12.0,37.52672396916667,5.711007983596518,26.24604681,33.798366975,38.752476985,41.885455147500004,45.50486618
55,EXPEDITION EVEREST,11 PM,2.0,10.0,7.0710678118654755,5.0,7.5,10.0,12.5,15.0
56,EXPEDITION EVEREST,12 PM,12.0,40.001714390833335,5.55731089259873,29.6972594,36.656500072499995,40.50102311,44.927280265,46.82912154
57,EXPEDITION EVEREST,2 PM,12.0,34.39587780666667,6.32952063004917,22.71438217,28.9212675875,36.581778315,39.213191355000006,41.15313081
58,EXPEDITION EVEREST,3 PM,12.0,33.37898331666667,7.278980637839898,19.54175153,27.8553609075,34.37527971,38.1709867175,43.94672382
59,EXPEDITION EVEREST,4 PM,12.0,30.242054847500004,6.86263356885855,18.8650519,25.9566270575,29.805380245000002,33.755614127499996,42.43331357
60,EXPEDITION EVEREST,5 PM,12.0,26.956754875,8.202164530179985,15.97747093,20.859326695,26.726562389999998,29.473547115,43.08814945
61,EXPEDITION EVEREST,6 PM,12.0,21.494549874166665,7.488045143796276,12.17028986,16.38937059,20.857683625,26.07177545,37.13191991
62,EXPEDITION EVEREST,7 AM,12.0,4.781117704833334,0.2442313357352528,4.420074349,4.6268864285,4.7554247709999995,4.887835239999999,5.3
63,EXPEDITION EVEREST,7 PM,12.0,18.956149133416666,12.380920594396562,8.181818182,12.2313384825,17.535106815,20.1564793625,54.95652174
64,EXPEDITION EVEREST,8 AM,12.0,7.910421868666664,1.601103783558315,5.476688868,6.716199119,7.390933938,9.208546369499999,10.70547471
65,EXPEDITION EVEREST,8 PM,9.0,12.82464607488889,4.939014702627764,6.732673267,9.285714286,10.80645161,15.62962963,21.66666667
66,EXPEDITION EVEREST,9 AM,12.0,20.348067075,5.140315651488879,10.13915244,17.0441151375,20.875525105,25.0523918,26.88189911
67,EXPEDITION EVEREST,9 PM,3.0,18.600753295666667,19.13407196202977,5.166666667,7.6468926535,10.12711864,25.31779661,40.50847458
68,FROZEN EVER AFTER,1 PM,12.0,78.52912787083334,6.36761213043721,67.08664021,76.6197427,79.67397726,81.5126284225,90.92504462
69,FROZEN EVER AFTER,10 AM,12.0,59.15422672833333,5.589975349273695,51.640625,54.35705698,60.06956889,62.56006424,68.83069083
70,FROZEN EVER AFTER,10 PM,12.0,19.761609245,7.096205419155563,10.17676768,15.0006671375,20.302686585,22.0344846375,36.21153846
71,FROZEN EVER AFTER,11 AM,12.0,67.48681727666667,5.074173369955717,60.78055965,63.127082942499996,67.941380465,70.90694739,75.1519337
72,FROZEN EVER AFTER,11 PM,12.0,13.835899833083333,6.295763603665827,5.153846154,8.74999999975,14.166666665000001,19.2576979475,24.34782609
73,FROZEN EVER AFTER,12 AM,5.0,13.849736504000001,15.104779832068282,5.0,6.25,8.093220339,9.191176471,40.71428571
74,FROZEN EVER AFTER,12 PM,12.0,72.17015797333333,5.11734007500322,65.0678733,68.276334885,72.69982757,75.0902264125,80.93898104
75,FROZEN EVER AFTER,2 PM,12.0,81.41162789916666,6.826257780266281,69.7467488,77.282184605,82.122284985,86.0373778275,91.1649061
76,FROZEN EVER AFTER,3 PM,12.0,81.7113002025,8.372682907384782,68.59483302,77.1615973775,83.947294775,84.9841223425,94.4192217
77,FROZEN EVER AFTER,4 PM,12.0,81.13985084166669,7.875380774912918,70.07250946,77.899171515,81.545578045,83.902502035,95.7615894
78,FROZEN EVER AFTER,5 PM,12.0,76.73678904833334,6.599844197700684,64.22677262,73.29831344499999,77.38811329,80.3380450225,88.29600484
79,FROZEN EVER AFTER,6 PM,12.0,71.75419984000001,5.926771786488189,61.10250569,67.99953130749999,71.526218125,76.173782355,80.9057971
80,FROZEN EVER AFTER,7 PM,12.0,67.95794230083334,5.11541038913162,59.96467566,64.200599755,68.695252695,70.2266803175,77.91851441
81,FROZEN EVER AFTER,8 AM,12.0,26.82873301666667,5.298087602880297,17.13700565,23.56411321,28.010894565,29.9400308525,35.94537815
82,FROZEN EVER AFTER,8 PM,12.0,47.98204263083334,4.9268453664147005,41.27929688,44.7456670675,47.228053185,50.0419559625,60.73046433
83,FROZEN EVER AFTER,9 AM,12.0,48.43264353666667,6.686504491225467,35.22510232,43.65578913,48.652026065,53.3540599775,57.1686747
84,FROZEN EVER AFTER,9 PM,12.0,35.15687401416667,6.2650371394531765,25.67567568,30.385864795,35.208383855,38.765967155,47.29166667
85,JUNGLE CRUISE,1 PM,11.0,56.44885512636363,6.910926378683198,44.45799458,51.248572025,58.92405063,61.32052177,65.22130014
86,JUNGLE CRUISE,10 AM,11.0,50.89736553000001,6.450414342363478,42.73255814,45.690997355,51.1042065,55.18757711,61.51135006
87,JUNGLE CRUISE,10 PM,11.0,20.92922272618182,9.931355294533839,5.277777778,13.46503213,20.830721,25.171995905000003,37.20647773
88,JUNGLE CRUISE,11 AM,11.0,58.730750227272715,6.395159726678489,48.65120836,53.69950746,58.19013304,63.15360922,68.49225268
89,JUNGLE CRUISE,11 PM,11.0,11.913671951545455,5.497070679114507,5.0,7.766693357,11.5,16.333333335,22.22222222
90,JUNGLE CRUISE,12 AM,7.0,7.348901099000001,2.9777644471150215,5.0,5.833333333500001,6.666666667,7.179487179500001,13.75
91,JUNGLE CRUISE,12 PM,11.0,54.908787647272725,5.521213915024793,44.11052976,51.430711454999994,54.35706402,59.206685414999995,62.1257485
92,JUNGLE CRUISE,2 PM,11.0,53.2078816609091,7.292030076922598,42.63576159,47.95364594,53.87323944,60.10214988,63.46611177
93,JUNGLE CRUISE,3 PM,11.0,49.36047145727273,6.555406410399226,40.40796345,44.312770855,49.01252134,52.81816298,61.14716107
94,JUNGLE CRUISE,4 PM,11.0,56.96492366818182,7.991330905259441,46.43803844,50.15858833,56.67926906,64.263364505,66.13924051
95,JUNGLE CRUISE,5 PM,11.0,53.92294200363636,6.1861076210345765,45.07544582,49.053442775,53.19656489,57.851893235,63.85416667
96,JUNGLE CRUISE,6 PM,11.0,53.22047195454545,7.598184130400485,46.24307692,47.47293559,51.21898263,56.152920995,70.62408223
97,JUNGLE CRUISE,7 PM,11.0,43.05539766909091,9.889469949705827,27.88461538,34.23832522,44.28208027,51.40212899,55.50233645
98,JUNGLE CRUISE,8 AM,7.0,16.99735016,8.430438463391761,5.0,12.1180748,15.93583416,21.591868185,30.62573099
99,JUNGLE CRUISE,8 PM,11.0,31.345511710000004,9.890761570369925,17.26315789,22.84759271,34.52981651,37.01110195,46.64387819
100,JUNGLE CRUISE,9 AM,11.0,38.93542161181818,6.478896288123596,27.98809524,35.337585085,39.95135641,44.934722135,47.91022444
101,JUNGLE CRUISE,9 PM,11.0,25.025950521818185,4.872577943645121,17.95797768,21.75904481,24.48423127,27.764514425,32.88075561
102,JUNGLE CRUISE,NOV,0.0,,,,,,,
103,JUNGLE CRUISE,OCT,0.0,,,,,,,
104,KILAMANJARO SAFARIS,1 PM,12.0,44.143549649166665,13.20038035304645,21.38804149,32.8670161025,48.031700235,54.033861165,60.0647482
105,KILAMANJARO SAFARIS,10 AM,12.0,56.74198864416666,9.669016033277478,41.59735974,49.298527465,56.694313965000006,62.995413119999995,72.39640884
106,KILAMANJARO SAFARIS,11 AM,12.0,58.793659050833334,10.341168550993196,38.34484925,52.1967509175,59.469594555,65.019285595,72.77711561
107,KILAMANJARO SAFARIS,12 PM,12.0,52.08660813083333,11.03015192938307,31.5779703,43.734881045,54.676106195,60.15081115,65.3228022
108,KILAMANJARO SAFARIS,2 PM,12.0,31.552411925833336,12.720957542955288,11.54057352,20.510846195,35.99763288,42.4687329675,47.80353201
109,KILAMANJARO SAFARIS,3 PM,12.0,25.353952362833336,10.453256718870556,9.338817794,16.87220032,27.969615304999998,32.29583473,43.13832695
110,KILAMANJARO SAFARIS,4 PM,12.0,19.156661455250003,8.861090873917394,7.992078001,11.048741605,19.69924644,24.718515132500002,33.12097351
111,KILAMANJARO SAFARIS,5 PM,11.0,13.841247431545453,6.334884171976775,7.5,8.13061482,13.69109948,18.826214495000002,25.4610951
112,KILAMANJARO SAFARIS,6 PM,8.0,9.927554025875,3.736361620014965,5.891812865,6.9195530465,8.476758794,13.383658050000001,15.42735043
113,KILAMANJARO SAFARIS,7 PM,6.0,6.669390841000001,0.7276455861703457,5.921875,6.3629032255,6.519457245,6.646825397000001,8.055555556
114,KILAMANJARO SAFARIS,8 AM,12.0,21.781286981666664,4.708600393482098,15.92462312,18.2131259625,20.277321999999998,26.12577064,29.69565217
115,KILAMANJARO SAFARIS,9 AM,12.0,41.990783442499996,8.729072307899385,28.40966921,36.22874257,38.65683919,50.822730915,55.93623188
116,MICKEY MINNIE RUNAWAY RAILWAY,1 PM,12.0,65.52415821083333,6.721757739714261,54.53601108,62.5014301825,64.562223835,70.109121595,79.69230769
117,MICKEY MINNIE RUNAWAY RAILWAY,10 AM,12.0,62.836099239166664,6.1839576708153,53.59077599,59.306515327499994,62.680072175,66.369006765,74.98563218
118,MICKEY MINNIE RUNAWAY RAILWAY,10 PM,10.0,12.1977975131,4.160233118995405,5.0,9.78159340675,12.54728226,15.48104085,17.93220339
119,MICKEY MINNIE RUNAWAY RAILWAY,11 AM,12.0,67.40238773833333,5.057335454659643,59.28940028,64.757900545,67.63746784,68.9507139775,78.18116976
120,MICKEY MINNIE RUNAWAY RAILWAY,11 PM,10.0,9.532879959099999,3.8330490994565327,5.0,7.508333333,9.7127659575,10.128761942499999,18.41666667
121,MICKEY MINNIE RUNAWAY RAILWAY,12 AM,9.0,7.780658782333333,2.837092766718849,5.0,5.0,7.246696035,10.0,13.22222222
122,MICKEY MINNIE RUNAWAY RAILWAY,12 PM,12.0,68.82852031166667,5.491470574448828,60.05621926,66.824839395,68.50408996,70.7468701775,80.64335664
123,MICKEY MINNIE RUNAWAY RAILWAY,2 PM,12.0,66.26830259249999,5.73126097650373,57.41711875,62.0666848325,67.238245915,69.13850758,75.23775216
124,MICKEY MINNIE RUNAWAY RAILWAY,3 PM,12.0,60.06430160916667,5.834157182299778,49.72798855,58.000215832500004,60.60701212,64.2490272525,68.69747899
125,MICKEY MINNIE RUNAWAY RAILWAY,4 PM,12.0,59.59688006333334,5.199017633869511,51.88031592,55.8362619825,60.11922895,61.290935632499995,68.35205993
126,MICKEY MINNIE RUNAWAY RAILWAY,5 PM,12.0,59.517529384166664,5.106577031745877,49.5173197,57.320538909999996,58.810988055,63.2971147375,68.11428571
127,MICKEY MINNIE RUNAWAY RAILWAY,6 PM,12.0,57.085306796666664,5.27177865330751,46.50096837,54.1524726225,57.012226,59.08164749,67.83261803
128,MICKEY MINNIE RUNAWAY RAILWAY,7 PM,12.0,51.58858657916665,5.8849948225217625,40.48105833,48.7015085775,52.061574135,55.7549717375,60.64362336
129,MICKEY MINNIE RUNAWAY RAILWAY,8 AM,12.0,22.048143834166666,3.8490007352397613,15.56811594,19.3736962475,21.946728620000002,23.858777205,28.83666667
130,MICKEY MINNIE RUNAWAY RAILWAY,8 PM,12.0,33.44540999666666,4.994183133633091,22.41877256,31.5234900475,34.139374775,37.10234003,39.64720195
131,MICKEY MINNIE RUNAWAY RAILWAY,9 AM,12.0,48.07133368333334,5.946756050774507,36.51211526,44.3656876725,48.572055705,51.5062858425,59.37861272
132,MICKEY MINNIE RUNAWAY RAILWAY,9 PM,12.0,19.094060077333335,6.831694065350082,9.810344828,14.1932849375,19.695395805,22.486979165,32.7245509
133,PETER PAN'S FLIGHT,1 PM,12.0,76.5956056775,4.851591279938712,67.22840314,74.86421212500001,77.56740464,79.5933786225,82.82756665
134,PETER PAN'S FLIGHT,10 AM,12.0,57.43160419666666,3.2723269668758848,50.37313433,55.418000525,59.25465135,59.7699660275,60.72575848
135,PETER PAN'S FLIGHT,10 PM,12.0,43.60848898416666,7.669381104491925,30.35447761,39.592487875,44.142287010000004,47.5215581125,58.20855615
136,PETER PAN'S FLIGHT,11 AM,12.0,70.18898367333334,4.406246689180489,60.90909091,69.28379671,70.994988035,72.5857679825,76.06338028
137,PETER PAN'S FLIGHT,11 PM,12.0,26.575823166666662,4.044569537439257,20.2994012,24.4765904625,25.7647299,29.525577560000002,33.45041322
138,PETER PAN'S FLIGHT,12 AM,12.0,20.42593961833333,4.786152245471094,14.11764706,16.785117055,20.132589865,23.5226697075,28.91666667
139,PETER PAN'S FLIGHT,12 PM,12.0,73.39867630833332,6.007193917295697,60.40697674,71.72473748,75.070983705,77.927642185,79.96489175
140,PETER PAN'S FLIGHT,2 PM,12.0,77.9533734775,5.475215815801442,67.7835408,75.68454891,77.63531702,81.387719465,88.01988636
141,PETER PAN'S FLIGHT,3 PM,12.0,75.44470551916667,7.388130619711714,63.23347107,71.2297540525,75.717190725,79.34979349,86.52542373
142,PETER PAN'S FLIGHT,4 PM,12.0,77.52670633416666,7.0000801137106965,61.23978202,75.22823063,78.088456085,83.12019513999999,86.4939897
143,PETER PAN'S FLIGHT,5 PM,12.0,74.08194779916667,6.36656085512915,61.18205632,71.22080584,74.16945323,79.35311724249999,82.85464098
144,PETER PAN'S FLIGHT,6 PM,12.0,74.73867954583334,5.988752080094493,62.45879121,72.5405457075,74.391311535,77.7426208,84.21641791
145,PETER PAN'S FLIGHT,7 AM,8.0,33.44678766375,5.7981488112340696,25.11304348,29.7272444575,33.640648889999994,36.217787115,43.7983871
146,PETER PAN'S FLIGHT,7 PM,12.0,64.14838413916667,7.331648406951261,54.77393617,56.2066095525,65.062218415,69.6299624625,74.25194494
147,PETER PAN'S FLIGHT,8 AM,12.0,43.50281928333333,4.806061513983483,37.28396947,39.4566115075,42.884758995,47.5607551475,50.51122195
148,PETER PAN'S FLIGHT,8 PM,12.0,56.13001396083334,5.948001047777122,46.36514248,52.1913772275,55.62189195,59.71347942,67.42405063
149,PETER PAN'S FLIGHT,9 AM,12.0,49.311308878333335,4.872630313810673,40.0983405,45.735311475,48.779974635,53.4537873825,57.01588271
150,PETER PAN'S FLIGHT,9 PM,12.0,51.092059944999995,8.746344224578921,39.59162663,43.1216981475,52.78372583,55.9880405475,66.79945055
151,REMY'S RATATOUILLE ADVENTRUE,1 PM,12.0,73.38184279916668,9.030182915048583,59.09539474,65.22079753999999,75.794155445,78.892483435,88.33232262
152,REMY'S RATATOUILLE ADVENTRUE,10 AM,12.0,53.1248552525,9.478911723342131,39.46955345,43.935471907499995,52.728482475,59.986776320000004,69.75835322
153,REMY'S RATATOUILLE ADVENTRUE,10 PM,12.0,20.504490187499997,8.081507173123583,10.19230769,15.4714062175,18.43080762,23.0214785175,39.52302632
154,REMY'S RATATOUILLE ADVENTRUE,11 AM,12.0,64.33367325083331,9.000894937158943,49.64705882,56.4136927475,65.41262178,71.63370215750001,77.19537815
155,REMY'S RATATOUILLE ADVENTRUE,11 PM,12.0,14.506546317749999,10.689771352821527,5.0,8.50520833325,11.175656985,14.658687735,43.29608939
156,REMY'S RATATOUILLE ADVENTRUE,12 AM,5.0,21.585513902000002,22.177740374223973,7.5,10.0,14.65517241,14.91525424,60.85714286
157,REMY'S RATATOUILLE ADVENTRUE,12 PM,12.0,65.05536524833333,10.749573993869323,49.23925028,53.8098267275,67.41139457,73.76894441499999,78.86666667
158,REMY'S RATATOUILLE ADVENTRUE,2 PM,12.0,81.33921277583333,13.988383808224842,60.88650101,69.692661285,85.23683409,91.0776197325,101.3737836
159,REMY'S RATATOUILLE ADVENTRUE,3 PM,12.0,85.45382651833332,12.959184793135938,69.14885496,72.92002937,85.97670166,93.8760578725,108.3898792
160,REMY'S RATATOUILLE ADVENTRUE,4 PM,12.0,82.71264691083333,11.646615314600163,65.3956044,71.4937460325,84.972240315,89.1326105375,104.3595041
161,REMY'S RATATOUILLE ADVENTRUE,5 PM,12.0,80.93223988583334,11.549107558464666,65.11291257,69.5251344075,82.55152933,89.091442675,99.25206125
162,REMY'S RATATOUILLE ADVENTRUE,6 PM,12.0,78.50140945583333,12.96215897899709,59.38942892,67.76077434,77.11976016,87.1446442175,100.2791116
163,REMY'S RATATOUILLE ADVENTRUE,7 PM,12.0,75.21836526833333,11.292295846927418,57.81396714,65.496766655,75.72233512,82.85083325,94.52196382
164,REMY'S RATATOUILLE ADVENTRUE,8 AM,12.0,47.62230367,5.984637391326966,35.76510067,44.805336325,46.67958097,52.429764767500004,57.09064327
165,REMY'S RATATOUILLE ADVENTRUE,8 PM,12.0,62.77886099833335,8.068327523652423,51.56460296,57.3404820225,62.61456237,65.81900709,78.10991957
166,REMY'S RATATOUILLE ADVENTRUE,9 AM,12.0,54.40631086583334,9.92470994414809,38.85321101,44.9658366875,55.244139669999996,63.047624739999996,66.93384224
167,REMY'S RATATOUILLE ADVENTRUE,9 PM,12.0,47.66082165166667,8.48538212943993,36.73228346,39.895004365,48.91826923,53.1327703,59.69465649
168,RISE OF RESISTANCE,1 PM,12.0,93.29391449916666,16.89259048552107,70.18941868,80.5279385925,88.812459215,107.556462375,117.1273964
169,RISE OF RESISTANCE,10 AM,12.0,91.85878685083334,16.7935429386365,64.81767181,79.9188234225,88.723523875,104.5664783,114.7673716
170,RISE OF RESISTANCE,10 PM,9.0,29.944167696666668,10.109380694281594,10.0,25.0,30.92670157,38.12154696,41.21794872
171,RISE OF RESISTANCE,11 AM,12.0,92.97461442666668,14.515726528372777,75.00994036,80.57692240749999,88.499628235,105.506457025,113.0164159
172,RISE OF RESISTANCE,11 PM,9.0,30.718759839333334,13.029534611379008,8.262711864,24.23728814,31.15384615,40.16949153,47.18394649
173,RISE OF RESISTANCE,12 AM,9.0,28.194592643333333,18.068232578049525,5.0,13.11440678,29.88888889,39.28571429,56.44036697
174,RISE OF RESISTANCE,12 PM,12.0,92.94572805,15.389586544009394,69.26056338,82.50125409500001,91.387873625,104.5572877,116.9131122
175,RISE OF RESISTANCE,2 PM,12.0,94.45289848750001,17.84673436789457,65.26152787,83.23156784,87.08852247,110.54525525,121.0088365
176,RISE OF RESISTANCE,3 PM,12.0,91.55868846499999,17.71222425615041,61.76907074,77.6897212625,89.829795395,105.103737775,117.5382166
177,RISE OF RESISTANCE,4 PM,12.0,85.89329216833333,16.529285516338298,58.47556528,73.40896308,86.021200215,97.20876270000001,110.4692082
178,RISE OF RESISTANCE,5 PM,12.0,83.15722735499999,15.851776305030121,58.42293907,70.912179985,81.45071688499999,95.58718149250001,106.4870436
179,RISE OF RESISTANCE,6 PM,12.0,80.80383052583333,14.005539074496863,55.32258065,71.21262136499999,79.93967229,94.6770687625,98.11919505
180,RISE OF RESISTANCE,7 PM,12.0,69.94813460333334,10.838117008230565,49.25154639,68.2007171125,70.74237035,75.9154174425,86.24802528
181,RISE OF RESISTANCE,8 AM,12.0,58.31946711666668,9.431089465931459,44.60616438,53.333983635,57.396093655,62.45747229,75.70342772
182,RISE OF RESISTANCE,8 PM,12.0,50.503433243333326,10.958910863358815,33.1997328,42.318155559999994,52.556642225000004,58.5943980825,67.24505327
183,RISE OF RESISTANCE,9 AM,12.0,86.48114971,16.195858982060876,61.40498899,74.88003233,85.18213048999999,94.8397582475,115.1115486
184,RISE OF RESISTANCE,9 PM,12.0,35.495431877499996,14.544135885854272,20.76525822,27.56696429,30.75,36.672547572499994,73.16326531
185,SEVEN DWARFS MINE TRAIN,1 PM,12.0,88.86431098833334,9.516482776861164,73.08846154,81.828203325,88.41668314500001,97.062706675,101.2622549
186,SEVEN DWARFS MINE TRAIN,10 AM,12.0,75.25570749833334,6.830336432674473,61.80348259,70.8506197925,74.817284465,81.1155627,84.66932725
187,SEVEN DWARFS MINE TRAIN,10 PM,12.0,53.63158380250001,12.436886895085694,36.11111111,47.470712295,50.62564622,54.694084274999994,79.21307506
188,SEVEN DWARFS MINE TRAIN,11 AM,12.0,88.14189253500001,8.06123557439376,69.60677749,83.85217958,89.3923361,94.04443887,99.06949352
189,SEVEN DWARFS MINE TRAIN,11 PM,12.0,36.19046885583334,6.5841418073104885,24.62130937,33.78791887,35.626359355000005,37.54187871,51.66666667
190,SEVEN DWARFS MINE TRAIN,12 AM,12.0,33.69606934666666,8.702932912105329,23.14583333,27.6689676825,31.06351981,37.59751773,52.25274725
191,SEVEN DWARFS MINE TRAIN,12 PM,12.0,84.6210108725,7.906052070425441,65.60595322,81.6993697975,85.577558035,88.29982418,96.82727273
192,SEVEN DWARFS MINE TRAIN,2 PM,12.0,89.4899999075,10.320105448454736,71.04090577,81.1052433075,91.48992899000001,98.1001954675,102.1521226
193,SEVEN DWARFS MINE TRAIN,3 PM,12.0,83.39033016249999,10.076841163801275,65.26298045,74.0830206375,89.27457771499999,91.61304993,93.38044759
194,SEVEN DWARFS MINE TRAIN,4 PM,12.0,86.70013970166667,10.831929917799306,66.1952745,77.516439515,89.46415044,93.5185063825,102.4065421
195,SEVEN DWARFS MINE TRAIN,5 PM,12.0,84.29605366416666,9.295767542316362,67.33960948,80.16567790250001,86.25169425499999,89.449571825,97.93942993
196,SEVEN DWARFS MINE TRAIN,6 PM,12.0,84.35738267416666,7.60039024976486,69.34653465,81.68851196,86.903666775,90.1734684625,93.28273245
197,SEVEN DWARFS MINE TRAIN,7 AM,8.0,52.557070431250004,10.728422877792633,34.42424242,46.4479479775,52.74073312,61.1301242275,65.36842105
198,SEVEN DWARFS MINE TRAIN,7 PM,12.0,72.56461088666667,11.212994627414702,58.11493411,63.42279935249999,72.37303735,83.8273848525,88.12767475
199,SEVEN DWARFS MINE TRAIN,8 AM,12.0,65.39911172333332,9.189982479248998,52.36003373,57.49354887,67.740290225,72.9260557625,77.05466667
200,SEVEN DWARFS MINE TRAIN,8 PM,12.0,63.86597653083333,9.359017848290582,45.47832072,57.987794405,63.23532718,71.64414254249999,77.36228127
201,SEVEN DWARFS MINE TRAIN,9 AM,12.0,64.16971167666667,7.169685236446886,51.3090796,59.13270287,62.334010515,70.27811990000001,74.24594257
202,SEVEN DWARFS MINE TRAIN,9 PM,12.0,59.899547585,8.456449498921144,48.05169753,54.5141849225,59.065753545,64.882539945,73.98294762
203,SLINKY DOG DASH,1 PM,12.0,101.67665091583332,12.079779102561305,75.98992081,98.1941639625,105.72804835,107.869273725,116.4866505
204,SLINKY DOG DASH,10 AM,12.0,89.36861069583334,8.895156881763704,73.49237906,84.367353175,92.65930497,95.66663549,100.0424242
205,SLINKY DOG DASH,10 PM,10.0,32.498687145,7.687698767356557,18.30508475,28.139322812499998,32.254749835,37.7403846175,44.55263158
206,SLINKY DOG DASH,11 AM,12.0,93.83924788249999,8.651918125989747,76.67498613,88.9060892825,96.71824455,100.5890621,102.1618205
207,SLINKY DOG DASH,11 PM,10.0,29.359783034000003,7.978636868472279,15.0,24.844519705,29.692931845,34.803381965,42.25988701
208,SLINKY DOG DASH,12 AM,8.0,23.412994198750003,8.04108570773458,12.93333333,20.03306878,22.70919039,26.4658136025,36.33333333
209,SLINKY DOG DASH,12 PM,12.0,98.80798490583334,8.660467531690077,82.73977197,96.473624905,101.78953815,103.421579275,111.249082
210,SLINKY DOG DASH,2 PM,12.0,100.47940216666667,13.353335639246342,75.2247191,94.82597839499999,102.51348834999999,112.144399225,115.782661
211,SLINKY DOG DASH,3 PM,12.0,98.18677001833333,12.90534962108497,76.00804136,91.7725301675,99.227473695,110.04174495,112.7661972
212,SLINKY DOG DASH,4 PM,12.0,93.28978213749998,12.798766965204702,69.42501482,89.3912194225,94.61772192,103.82094025,110.8680947
213,SLINKY DOG DASH,5 PM,12.0,93.70064952666667,13.262281102841683,70.26348419,89.1146782875,95.78075726,102.3037238,114.8661234
214,SLINKY DOG DASH,6 PM,12.0,96.82986334083334,11.498030111136313,71.07570978,96.2558648275,98.67381423,103.08976645,113.0550622
215,SLINKY DOG DASH,7 PM,12.0,87.12159811916666,10.193246570579413,70.1374269,76.81692329,91.92328203,95.4011239175,96.169279
216,SLINKY DOG DASH,8 AM,12.0,49.537879351666675,5.790044751485958,39.94454277,46.156656375000004,49.15320833,53.617860115,58.2837407
217,SLINKY DOG DASH,8 PM,12.0,67.4112487875,10.08061127631638,53.45577746,57.342615885,67.3812492,74.56995412500001,82.18406593
218,SLINKY DOG DASH,9 AM,12.0,68.4145001625,7.616830508894629,52.19622905,65.50645219500001,68.14691583999999,74.8689358675,77.39986868
219,SLINKY DOG DASH,9 PM,12.0,49.99806800166667,11.711826386553701,31.72360248,40.2607490675,50.48170676,59.3125,65.80645161
220,SPACE MOUNTAIN,1 PM,12.0,59.98616821583334,7.71935335080222,40.84913112,56.50915507,61.717946049999995,65.3858771075,68.42439644
221,SPACE MOUNTAIN,10 AM,12.0,46.39196585666667,5.953787629410976,35.69034318,42.5667745075,46.109868025,51.782074565,55.37951807
222,SPACE MOUNTAIN,10 PM,12.0,33.76452159250001,9.507935125164918,14.8696219,30.911710345,32.797428534999995,38.30498646,53.74015748
223,SPACE MOUNTAIN,11 AM,12.0,59.82123093166667,7.579547571075433,43.30723341,56.0883977125,60.74477734,65.638015695,70.50741163
224,SPACE MOUNTAIN,11 PM,12.0,18.478467453333334,7.247610016642514,10.95959596,13.454897487499998,15.780890934999999,24.143266595,33.82231405
225,SPACE MOUNTAIN,12 AM,12.0,13.399782999250002,6.852441346051788,7.561983471,9.0704528445,10.47008547,16.1875,30.38461538
226,SPACE MOUNTAIN,12 PM,12.0,60.63442306249999,7.644868845635012,42.85360679,56.469149155000004,62.870003615,64.7615108825,72.08308605
227,SPACE MOUNTAIN,2 PM,12.0,59.94294488749998,9.397665311284428,41.83619984,54.697537464999996,60.760466390000005,67.79272569,71.30872483
228,SPACE MOUNTAIN,3 PM,12.0,55.68932076499999,10.192283511074423,36.66530612,47.30282592,57.39080487,63.892072607500005,68.43617021
229,SPACE MOUNTAIN,4 PM,12.0,58.80548994166667,9.649551242629736,38.98584906,54.0439544325,58.94338681,67.0262323325,71.18981158
230,SPACE MOUNTAIN,5 PM,12.0,57.82737471833334,9.410572398512954,42.36182756,52.4372291575,57.614188235,65.7674482475,71.86576355
231,SPACE MOUNTAIN,6 PM,12.0,60.98593845916667,10.48963940102109,43.59283388,53.436054525,60.631024374999996,65.0653810575,81.9785575
232,SPACE MOUNTAIN,7 AM,8.0,13.442462950875,4.25809857070727,9.322033898,9.594724026249999,13.360153610000001,14.8408011225,21.84558824
233,SPACE MOUNTAIN,7 PM,12.0,53.307477605,7.417344080529098,43.77169559,45.97787685,55.389780825,58.119109485,66.83622829
234,SPACE MOUNTAIN,8 AM,12.0,22.7226228525,4.424837696570914,15.38095238,19.5619550875,21.894681565,26.09411273,29.73325213
235,SPACE MOUNTAIN,8 PM,12.0,46.1863711275,8.191556259331612,36.33407243,38.8027393775,48.084329034999996,51.14407463,62.47660187
236,SPACE MOUNTAIN,9 AM,12.0,36.70670946583333,5.814465005101533,24.05235602,33.8984747775,36.870576740000004,40.192252235,44.40082645
237,SPACE MOUNTAIN,9 PM,12.0,40.34646485583333,7.986623347063312,26.94326241,34.233609025,43.158720970000005,47.503147434999995,49.16557162
238,TEST TRACK,1 PM,12.0,64.98526395166665,7.228806414002108,51.5601173,60.8496756575,65.668984255,70.1304064325,77.70642202
239,TEST TRACK,10 AM,12.0,62.5186194525,4.898323577599497,53.92611393,60.65268818,63.549240624999996,65.3413637425,69.29181929
240,TEST TRACK,10 PM,12.0,26.505823715000002,6.333906257481313,19.25970874,19.94210825,26.981747065,29.9808165075,39.27899687
241,TEST TRACK,11 AM,12.0,72.70001976916664,5.529516251667249,63.93559322,68.94127195749999,72.647563355,76.440879035,80.90610048
242,TEST TRACK,11 PM,12.0,21.666077933916664,7.415968372175716,7.196969697,15.0,23.375,26.8249665775,32.44565217
243,TEST TRACK,12 AM,5.0,19.331808214,8.943665588730854,5.0,19.68220339,20.84745763,21.41509434,29.71428571
244,TEST TRACK,12 PM,12.0,69.74039769166667,5.7007821613279015,60.25150502,66.8651630975,70.287057005,72.70091302,79.91147741
245,TEST TRACK,2 PM,12.0,65.01277652833333,6.450867071360964,51.84155664,62.991184845,66.10595604,68.13125339999999,76.4251497
246,TEST TRACK,3 PM,12.0,61.9337161425,6.848527123985052,48.99700599,59.2318613325,62.87591028,65.17877370000001,74.00287356
247,TEST TRACK,4 PM,12.0,61.75678440666667,6.902366379262867,49.85935302,60.1879479525,61.294983675,64.4961921875,72.6998112
248,TEST TRACK,5 PM,12.0,59.33611334083334,7.871398397095898,45.44313146,57.09514289,60.852508130000004,62.741289225,71.26631854
249,TEST TRACK,6 PM,12.0,56.38460434000001,5.931892764284806,45.63606557,54.1647437175,56.993172494999996,59.7800567425,67.33976353
250,TEST TRACK,7 PM,12.0,53.03151663916666,6.627344781848714,40.15902141,51.9177189125,53.240733785,56.65348773,65.08939974
251,TEST TRACK,8 AM,12.0,28.27507985166667,3.962287083761003,21.80442804,25.88658439,28.155362685,30.1212456075,35.25477707
252,TEST TRACK,8 PM,12.0,44.80917247583333,5.280232227488361,37.45588235,41.312575345,44.861638760000005,47.8840256075,56.13977792
253,TEST TRACK,9 AM,12.0,48.71122111416667,4.854855134653222,38.29400132,46.842716555,50.20145248,51.10313697,56.27367688
254,TEST TRACK,9 PM,12.0,36.15500352666667,9.571012160858901,26.2992126,28.8229725725,31.80291031,43.556991765,54.90243902
255,TOWER OF TERROR,1 PM,12.0,58.013780278333336,12.666591335447183,39.06758305,52.777053804999994,56.781998805,64.68958838249999,81.33002833
256,TOWER OF TERROR,10 AM,12.0,58.42003741083334,7.802197167594853,44.9961475,53.806238570000005,56.814304555,63.0255495175,71.13256484
257,TOWER OF TERROR,10 PM,10.0,18.381144168,5.407903643105922,13.0,14.361972705,17.39062898,20.82625389,30.09039548
258,TOWER OF TERROR,11 AM,12.0,63.18693222666666,8.71321302084715,48.50869321,56.4855583775,64.81323941,71.02545239999999,74.37591777
259,TOWER OF TERROR,11 PM,10.0,16.55319209,6.716937959281855,13.0,13.0,13.483050845000001,15.7968220325,34.09039548
260,TOWER OF TERROR,12 AM,9.0,16.990216035555555,6.888515074683626,13.0,13.0,13.93333333,16.8,34.20168067
261,TOWER OF TERROR,12 PM,12.0,63.379984459999996,12.631129600555909,41.40573319,55.911309525,60.913279015,74.23416986,83.53229527
262,TOWER OF TERROR,2 PM,12.0,61.57839534666667,13.528168213715787,42.39857846,52.868615052500004,60.034506875,70.30086016999999,83.71148459
263,TOWER OF TERROR,3 PM,12.0,57.43358612833333,13.723842112573976,38.38037486,48.6711687625,55.161649620000006,64.50201649,79.85457064
264,TOWER OF TERROR,4 PM,12.0,56.98917170916666,13.4880832963141,38.91112574,48.080316635,54.662104764999995,65.88253684,80.61267606
265,TOWER OF TERROR,5 PM,12.0,57.91011761833334,14.156191985269146,38.98685652,47.166427045000006,54.563900565,66.447894585,82.00549451
266,TOWER OF TERROR,6 PM,12.0,55.71466190833333,13.63471033255489,35.48824494,47.403936655,51.97928639,65.2590980675,78.46666667
267,TOWER OF TERROR,7 PM,12.0,52.29371625666666,9.70779118833149,38.28376162,46.29298009,52.544450615,57.450770847499996,68.21362587
268,TOWER OF TERROR,8 AM,12.0,22.47921092,5.778548121641559,13.11111111,19.834440275,22.977467685,24.9919252875,35.39779874
269,TOWER OF TERROR,8 PM,12.0,44.98826273583333,10.63953028627446,29.03792668,37.688495759999995,44.739439555000004,50.6590676375,62.82572614
270,TOWER OF TERROR,9 AM,12.0,46.761308622499996,9.269469989956542,32.17936694,42.3003129075,46.61820032999999,50.9585468475,66.34670487
271,TOWER OF TERROR,9 PM,12.0,32.4788480275,11.919868379805745,17.19875776,22.917790165,32.212224434999996,41.3312680325,55.58823529
